{
  "$schema": "./node_modules/nx/schemas/nx-schema.json",
  "tasksRunnerOptions": {
    "default": {
      "runner": "nx-cloud",
      "options": {
        "cacheableOperations": ["build", "lint", "test", "e2e"],
        "accessToken": "OGJlMDVlYTQtODIyOS00YmMwLWJlNjgtYzhjZjkyMDVhZTZkfHJlYWQtd3JpdGU="
      }
    }
  },
  "affected": {
    "defaultBase": "main"
  },
  "workspaceLayout": {
    "appsDir": "apps",
    "libsDir": "libs"
  },
  "targetDefaults": {
    "build": {
      "dependsOn": ["^build"],
      "inputs": ["production", "^production"]
    },
    "lint": {
      "inputs": ["default", "{workspaceRoot}/.eslintrc.json", "{workspaceRoot}/.eslintignore"]
    },
    "test": {
      "inputs": ["default", "^production", "{workspaceRoot}/jest.preset.js"]
    },
    "e2e": {
      "inputs": ["default", "^production"]
    }
  },
  "namedInputs": {
    "default": ["{projectRoot}/**/*", "sharedGlobals"],
    "production": [
      "default",
      "!{projectRoot}/**/?(*.)+(spec|test).[jt]s?(x)?(.snap)",
      "!{projectRoot}/tsconfig.spec.json",
      "!{projectRoot}/jest.config.[jt]s"
    ],
    "sharedGlobals": []
  }
}
